environment,status,ram,ram_total,ram_pct,flash,flash_total,flash_pct
custom,success,97540,327680,29.8,3796983,8388608,45.3
cardputer,success,100188,327680,30.6,4028487,8388608,48.0
cardputer-adv,success,100188,327680,30.6,4028451,8388608,48.0
m5stack-sticks3,success,101800,327680,31.1,4013499,8388608,47.8
s3-devkit,success,97328,327680,29.7,3772120,8388608,45.0
s3-devkit-n16-r8,success,97780,327680,29.8,3777346,16777216,22.5
m5stack-stamps3,success,100092,327680,30.5,3915663,8388608,46.7
atom-lite-s3,success,100092,327680,30.5,3918239,8388608,46.7
t-display-s3,success,98224,327680,30.0,3942255,16777216,23.5
waveshare-s3-geek,success,97896,327680,29.9,3933143,16777216,23.4
t-embed-s3,success,97860,327680,29.9,3930999,8388608,46.9
t-embed-s3-cc1101,success,97860,327680,29.9,3931451,8388608,46.9
t-embed-s3-cc1101plus,success,97860,327680,29.9,3931815,8388608,46.9
xiao-esp32s3,success,97248,327680,29.7,3771272,8388608,45.0
vision-master-t190,success,98152,327680,30.0,3923627,16777216,23.4
heltec_wifi_lora_32_V4,success,97332,327680,29.7,3774998,16777216,22.5
heltec_wifi_lora_32_V3,success,97192,327680,29.7,3765748,8388608,44.9
um_pros3,success,97412,327680,29.7,3775534,16777216,22.5
